{
  "custom_cnn": {
    "accuracy": [
      0.3909952640533447,
      0.462381511926651,
      0.5441350936889648,
      0.6149289011955261,
      0.6401066184043884,
      0.6697275042533875,
      0.6851303577423096,
      0.6954976320266724,
      0.7111966609954834,
      0.7280805706977844
    ],
    "val_accuracy": [
      0.2604042887687683,
      0.2604042887687683,
      0.2604042887687683,
      0.2604042887687683,
      0.2604042887687683,
      0.2568370997905731,
      0.28537455201148987,
      0.457788348197937,
      0.4815695583820343,
      0.28537455201148987
    ],
    "loss": [
      1.782861351966858,
      1.39792001247406,
      1.165447473526001,
      0.9759876132011414,
      0.9016340374946594,
      0.8293112516403198,
      0.7891361713409424,
      0.7604407072067261,
      0.7261677384376526,
      0.6932123303413391
    ],
    "val_loss": [
      7.51283073425293,
      8.117327690124512,
      7.487288475036621,
      6.606228828430176,
      7.3993706703186035,
      6.462009429931641,
      3.4177963733673096,
      1.2616198062896729,
      1.8199151754379272,
      3.8645436763763428
    ]
  },
  "vgg16": {
    "accuracy": [
      0.49170616269111633,
      0.5947867035865784,
      0.6398104429244995,
      0.6697275042533875,
      0.695793867111206,
      0.6925355195999146,
      0.7049763202667236,
      0.721563994884491,
      0.715936005115509,
      0.7224525809288025
    ],
    "val_accuracy": [
      0.3983353078365326,
      0.44708681106567383,
      0.5992865562438965,
      0.6825208067893982,
      0.6896551847457886,
      0.6944113969802856,
      0.6825208067893982,
      0.6753864288330078,
      0.701545774936676,
      0.6813317537307739
    ],
    "loss": [
      1.3555984497070312,
      1.0612523555755615,
      0.9256640076637268,
      0.8809302449226379,
      0.8098628520965576,
      0.7953453063964844,
      0.7669532895088196,
      0.7502157688140869,
      0.7312085628509521,
      0.7053089737892151
    ],
    "val_loss": [
      1.3442777395248413,
      1.2299388647079468,
      1.0191402435302734,
      0.8362355828285217,
      0.7646328210830688,
      0.7575461268424988,
      0.7687926888465881,
      0.759877622127533,
      0.7715487480163574,
      0.7825140953063965
    ]
  },
  "resnet50": {
    "accuracy": [
      0.34449052810668945,
      0.3735189437866211,
      0.3995853066444397,
      0.40462085604667664,
      0.43187204003334045,
      0.4354265332221985,
      0.4280213415622711,
      0.44283175468444824,
      0.4508293867111206,
      0.44579383730888367
    ],
    "val_accuracy": [
      0.24613554775714874,
      0.24256837368011475,
      0.23900118470191956,
      0.26516053080558777,
      0.3341260552406311,
      0.2948870360851288,
      0.35671818256378174,
      0.41022592782974243,
      0.3840665817260742,
      0.37931033968925476
    ],
    "loss": [
      1.7869925498962402,
      1.6283988952636719,
      1.5358093976974487,
      1.5083627700805664,
      1.4453823566436768,
      1.4477673768997192,
      1.4356927871704102,
      1.3925881385803223,
      1.3920049667358398,
      1.369486689567566
    ],
    "val_loss": [
      1.423227071762085,
      1.4917652606964111,
      1.8162567615509033,
      1.4873427152633667,
      1.4548170566558838,
      1.8429430723190308,
      1.3356764316558838,
      1.3972612619400024,
      1.3958061933517456,
      1.596883773803711
    ]
  },
  "efficientnet": {
    "accuracy": [
      0.2378554493188858,
      0.25859004259109497,
      0.2520734667778015,
      0.2514810562133789,
      0.25473934412002563,
      0.24437204003334045,
      0.2508886158466339,
      0.2526658773422241,
      0.2612559199333191,
      0.25592416524887085
    ],
    "val_accuracy": [
      0.24613554775714874,
      0.2604042887687683,
      0.24613554775714874,
      0.23900118470191956,
      0.24613554775714874,
      0.23900118470191956,
      0.23900118470191956,
      0.24613554775714874,
      0.2544589638710022,
      0.24613554775714874
    ],
    "loss": [
      2.038703203201294,
      1.8651803731918335,
      1.866776704788208,
      1.8262348175048828,
      1.8008038997650146,
      1.7587051391601562,
      1.718069076538086,
      1.7157247066497803,
      1.7086600065231323,
      1.6835331916809082
    ],
    "val_loss": [
      1.489041805267334,
      1.4682698249816895,
      1.6431902647018433,
      1.4581000804901123,
      1.6410812139511108,
      1.4035377502441406,
      2.271519899368286,
      1.6074105501174927,
      1.7103724479675293,
      1.4863392114639282
    ]
  },
  "vgg16_finetuned": {
    "accuracy": [
      0.7360782027244568,
      0.7568128108978271,
      0.7790284156799316,
      0.7849525809288025,
      0.804206132888794,
      0.8107227683067322,
      0.8101303577423096,
      0.8116113543510437,
      0.8181279897689819,
      0.8258293867111206,
      0.8258293867111206,
      0.8228672742843628,
      0.8287914395332336,
      0.8267180323600769,
      0.8311611413955688
    ],
    "val_accuracy": [
      0.72651606798172,
      0.6920332908630371,
      0.6646848917007446,
      0.6837098598480225,
      0.7098692059516907,
      0.7419738173484802,
      0.7419738173484802,
      0.7110582590103149,
      0.7277051210403442,
      0.6944113969802856,
      0.7443519830703735,
      0.7372176051139832,
      0.7181926369667053,
      0.7467300891876221,
      0.7538644671440125
    ],
    "loss": [
      0.6995486617088318,
      0.6266897320747375,
      0.5929550528526306,
      0.5664485692977905,
      0.5414382219314575,
      0.5383138060569763,
      0.5093268156051636,
      0.5053006410598755,
      0.4917371869087219,
      0.4713485836982727,
      0.45756101608276367,
      0.4918661117553711,
      0.4614430367946625,
      0.4555935859680176,
      0.4462970197200775
    ],
    "val_loss": [
      0.7115735411643982,
      0.7591976523399353,
      0.788325846195221,
      0.8278334736824036,
      0.7676698565483093,
      0.6798678636550903,
      0.7154327630996704,
      0.7152233123779297,
      0.7343212366104126,
      0.8453124761581421,
      0.6667620539665222,
      0.685097336769104,
      0.7425279021263123,
      0.6489574313163757,
      0.6781957149505615
    ]
  }
}